step,total_loss,mlm_loss,nsp_loss
0,11.2109,10.5004,0.707847
5,9.89062,7.71893,2.17184
10,8.36719,7.6234,0.738768
15,8.28906,7.59332,0.697955
20,8.17969,7.48673,0.691419
25,8.29688,7.55987,0.742022
30,8.10156,7.40948,0.694541
35,7.98047,7.26279,0.717946
40,7.92578,7.26334,0.664808
45,7.94531,7.27437,0.671352
0,8.03125,7.29258,0.736547
