step,total_loss,mlm_loss,nsp_loss
0,11.2109,10.5005,0.707829
5,10.2891,9.10318,1.18948
10,8.92188,8.22643,0.691957
15,8.40625,7.66636,0.738322
20,8.03125,7.33449,0.696531
25,8.13281,7.4417,0.693941
30,8.02344,7.32073,0.701789
35,7.91406,7.21428,0.697693
40,7.87109,7.21074,0.659182
45,7.89453,7.23561,0.661217
0,7.98438,7.25119,0.735822
