step,total_loss,mlm_loss,nsp_loss
0,11.2031,10.4979,0.707195
5,10.1875,7.75453,2.43238
10,8.33594,7.63755,0.697193
15,8.35156,7.60502,0.744699
20,8.22656,7.48076,0.749099
25,8.27344,7.56207,0.71167
30,8.125,7.40926,0.716592
35,7.95703,7.26281,0.694741
40,7.94531,7.26573,0.679934
45,7.93359,7.27335,0.661407
