step,total_loss,mlm_loss,nsp_loss
0,11.2171,10.5178,0.699279
5,9.6935,7.51946,2.17404
10,8.72874,7.60452,1.12422
15,8.25456,7.54113,0.713431
20,8.17125,7.47469,0.696562
25,8.21603,7.52277,0.693259
30,8.08864,7.39777,0.69087
35,7.9672,7.25153,0.715668
40,7.94141,7.25788,0.683527
45,7.94186,7.27316,0.668707
