step,total_loss,mlm_loss,nsp_loss
0,11.2032,10.501,0.702181
5,9.53939,7.52411,2.01528
10,8.2614,7.564,0.697406
15,8.28412,7.55601,0.728112
20,8.17273,7.45947,0.71326
25,8.228,7.53251,0.695496
30,8.07991,7.38456,0.695344
35,7.96173,7.25046,0.711262
40,7.9463,7.25667,0.689625
45,7.92987,7.26442,0.665449
