step,total_loss,mlm_loss,nsp_loss
0,11.2403,10.5228,0.717444
5,9.6725,7.51595,2.15655
10,8.27549,7.56893,0.70656
15,8.26997,7.55626,0.7137
20,8.16622,7.46048,0.705734
25,8.22422,7.53051,0.693706
30,8.07691,7.38567,0.691232
35,7.96613,7.2502,0.715935
40,7.94492,7.25631,0.688604
45,7.92964,7.26225,0.667388
