step,total_loss,mlm_loss,nsp_loss
0,11.2483,10.5308,0.717479
5,10.89925,8.84306,2.056195
10,8.1752,7.12199,1.053275
15,12.5557,11.7614,0.794292
20,7.350875,6.621525,0.7293635
25,7.670715,6.938615,0.732096
30,7.37628,6.672315,0.7039705
35,7.456295,6.70667,0.7496455
40,6.72407,6.01816,0.7059015
45,6.622305,5.957895,0.6644095
