step,total_loss,mlm_loss,nsp_loss
0,11.217,10.5178,0.699256
5,9.67644,7.52047,2.15598
10,8.31964,7.54136,0.778281
15,8.22823,7.54625,0.681978
20,8.17299,7.49675,0.676236
25,8.2415,7.5356,0.705902
30,8.0874,7.39312,0.694279
35,7.99095,7.25612,0.734829
40,7.92988,7.25608,0.673804
45,7.94762,7.27291,0.674713
