step,total_loss,mlm_loss,nsp_loss
0,11.2171,10.5178,0.699279
5,9.69338,7.51946,2.17392
10,8.72945,7.6049,1.12455
15,8.24461,7.54069,0.703927
20,8.16592,7.47364,0.692276
25,8.21672,7.52333,0.693388
30,8.08714,7.39748,0.689662
35,7.97389,7.25176,0.722134
40,7.93939,7.25765,0.681747
45,7.9441,7.27309,0.671008
