step,total_loss,mlm_loss,nsp_loss
0,11.2483,10.5308,0.717479
5,10.8992,8.84304,2.05614
10,8.17514,7.12187,1.05327
15,12.5594,11.7651,0.794208
20,7.35073,6.62137,0.729366
25,7.67081,6.93868,0.732127
30,7.3763,6.67231,0.703987
35,7.45632,6.7067,0.749619
40,6.72411,6.01818,0.705939
45,6.62225,5.95785,0.664402
