step,total_loss,mlm_loss,nsp_loss
0,11.217,10.5178,0.699256
5,9.69781,7.51957,2.17824
10,16.3238,15.4349,0.888887
15,8.46938,7.64172,0.827666
20,8.30819,7.50564,0.802544
25,8.32245,7.5346,0.787853
30,8.10279,7.41298,0.689811
35,7.94995,7.25609,0.693857
40,7.92508,7.27164,0.653439
45,7.92543,7.26351,0.661917
