step,total_loss,mlm_loss,nsp_loss
0,11.2188,10.5058,0.707566
5,10.1094,7.74777,2.36799
10,8.48438,7.63284,0.847805
15,8.28125,7.59988,0.68347
20,8.15625,7.48154,0.675696
25,8.28125,7.56251,0.715883
30,8.10156,7.40886,0.693474
35,7.98047,7.26348,0.720147
40,7.94922,7.26605,0.684642
45,7.93359,7.27414,0.660641
0,8.07812,7.29193,0.781646
