step,total_loss,mlm_loss,nsp_loss
0,11.2422,10.5228,0.717476
5,10.1875,7.75453,2.43238
10,8.42578,7.63755,0.792425
15,8.35156,7.60502,0.744699
20,8.22656,7.4854,0.749099
25,8.29688,7.56207,0.73899
30,8.125,7.40926,0.716592
35,7.99219,7.26281,0.726583
40,7.94531,7.26573,0.679934
45,7.94141,7.27335,0.668663
